{
  "module": "pinn",
  "mode": "surrogate",
  "dataset_size": 67,
  "train_size": 53,
  "val_size": 14,
  "epochs": 200,
  "best_val_loss": 0.012291232123970985,
  "mae": 5948.337890625,
  "rmse": 8210.359375,
  "r2": 0.9926997511389843,
  "feature_names": [
    "gap",
    "voltage",
    "emitter_radius"
  ],
  "target_name": "current_limit_density",
  "dataset_metadata": {
    "dataset_kind": "physics_guided_surrogate",
    "num_generated_samples": 64,
    "num_anchor_samples": 3,
    "noise_level": 0.01,
    "radius_correction_range": [
      1.2045243714554958,
      1.2430742064197955
    ],
    "feature_ranges": {
      "gap": [
        8.090848292535443e-05,
        0.00011876705509390895
      ],
      "voltage": [
        70.44173618506032,
        128.53734109820536
      ],
      "emitter_radius": [
        0.00014,
        0.00026000000000000003
      ]
    },
    "base_reference": {
      "gap": 0.0001,
      "voltage": 100.0,
      "emitter_radius": 0.0002,
      "j_over_jcl": 1.2126496906472177
    },
    "note": "训练集由 plate_3d 已有半径扫描结果和 Child-Langmuir 物理缩放共同构建，不等同于全量高精度数值求解。"
  },
  "pinn_demo": {
    "residual_mean_abs": 0.028120918199419975,
    "residual_max_abs": 0.07909507304430008
  },
  "note": "当前完成的是基于 plate_3d 小样本与 CL 物理缩放构建的代理模型，并保留了 PINN 残差演示接口。"
}